,index,errorCardId
0,0,30000
1,1301,31301
2,2389,32389
3,2390,32390
4,2391,32391
5,2392,32392
6,2393,32393
7,2394,32394
8,2395,32395
9,2396,32396
10,2397,32397
11,2398,32398
12,2399,32399
13,2400,32400
14,2401,32401
15,2402,32402
16,2403,32403
17,2404,32404
18,2405,32405
19,2406,32406
20,2407,32407
21,2408,32408
22,2409,32409
23,2410,32410
24,2411,32411
25,2412,32412
26,2413,32413
27,2414,32414
28,2415,32415
29,2416,32416
30,2417,32417
31,2418,32418
32,2419,32419
33,2420,32420
34,2421,32421
35,2422,32422
36,2423,32423
37,2424,32424
38,2425,32425
39,2426,32426
40,2427,32427
41,2428,32428
42,2429,32429
43,2430,32430
44,2431,32431
45,2432,32432
46,2433,32433
47,2434,32434
48,2435,32435
49,2436,32436
50,2437,32437
51,2438,32438
52,2439,32439
53,2440,32440
54,2441,32441
55,2442,32442
56,2443,32443
57,2444,32444
58,2445,32445
59,2446,32446
60,2447,32447
61,2448,32448
62,2449,32449
63,2450,32450
64,2451,32451
65,2452,32452
66,2453,32453
67,2454,32454
68,2455,32455
69,2456,32456
70,2457,32457
71,2458,32458
72,2459,32459
73,2460,32460
74,2461,32461
75,2462,32462
76,2463,32463
77,2464,32464
78,2465,32465
79,2466,32466
80,2467,32467
81,2468,32468
82,2469,32469
83,2470,32470
84,2471,32471
85,2472,32472
86,2473,32473
87,2474,32474
88,2475,32475
89,2476,32476
90,2477,32477
91,2478,32478
92,2479,32479
93,2480,32480
94,2481,32481
95,2482,32482
96,2483,32483
97,2484,32484
98,2485,32485
99,2486,32486
100,2487,32487
101,2488,32488
102,2489,32489
103,2490,32490
104,2491,32491
105,2492,32492
106,2493,32493
107,2494,32494
108,2495,32495
109,2496,32496
110,2497,32497
111,2498,32498
112,2499,32499
113,2500,32500
114,2501,32501
115,2502,32502
116,2503,32503
117,2504,32504
118,2505,32505
119,2506,32506
120,2507,32507
121,2508,32508
122,2509,32509
123,2510,32510
124,2511,32511
125,2512,32512
126,2513,32513
127,2514,32514
128,2515,32515
129,2516,32516
130,2517,32517
131,2518,32518
132,2519,32519
133,2520,32520
134,2521,32521
135,2522,32522
136,2523,32523
137,2524,32524
138,2525,32525
139,2526,32526
140,2527,32527
141,2528,32528
142,2529,32529
143,2530,32530
144,2531,32531
145,2532,32532
146,2533,32533
147,2534,32534
148,2535,32535
149,2536,32536
150,2537,32537
151,2538,32538
152,2539,32539
153,2540,32540
154,2541,32541
155,2542,32542
156,2543,32543
157,2544,32544
158,2545,32545
159,2546,32546
160,2547,32547
161,2548,32548
162,2549,32549
163,2550,32550
164,2551,32551
165,2552,32552
166,2553,32553
167,2554,32554
168,2555,32555
169,2556,32556
170,2557,32557
171,2558,32558
172,2559,32559
173,2560,32560
174,2561,32561
175,2562,32562
176,2563,32563
177,2564,32564
178,2565,32565
179,2566,32566
180,2567,32567
181,2568,32568
182,2569,32569
183,2570,32570
184,2571,32571
185,2572,32572
186,2573,32573
187,2574,32574
188,2575,32575
189,2576,32576
190,2577,32577
191,2578,32578
192,2579,32579
193,2580,32580
194,2581,32581
195,2582,32582
196,2583,32583
197,2584,32584
198,2585,32585
199,2586,32586
200,2587,32587
201,2588,32588
202,2589,32589
203,2590,32590
204,2591,32591
205,2592,32592
206,2593,32593
207,2594,32594
208,2595,32595
209,2596,32596
210,2597,32597
211,2598,32598
212,2599,32599
213,2600,32600
214,2601,32601
215,2602,32602
216,2603,32603
217,2604,32604
218,2605,32605
219,2606,32606
220,2607,32607
221,2608,32608
222,2609,32609
223,2610,32610
224,2611,32611
225,2612,32612
226,2613,32613
227,2614,32614
228,2615,32615
229,2616,32616
230,2617,32617
231,2618,32618
232,2619,32619
233,2620,32620
234,2621,32621
235,2622,32622
236,2623,32623
237,2624,32624
238,2625,32625
239,2626,32626
240,2627,32627
241,2628,32628
242,2629,32629
243,2630,32630
244,2631,32631
245,2632,32632
246,2633,32633
247,2634,32634
248,2635,32635
249,2636,32636
250,2637,32637
251,2638,32638
252,2639,32639
253,2640,32640
254,2641,32641
255,2642,32642
256,2643,32643
257,2644,32644
258,2645,32645
259,2646,32646
260,2647,32647
261,2648,32648
262,2649,32649
263,2650,32650
264,2651,32651
265,2652,32652
266,2653,32653
267,2654,32654
268,2655,32655
269,2656,32656
270,2657,32657
271,2658,32658
272,2659,32659
273,2660,32660
274,2661,32661
275,2662,32662
276,2663,32663
277,2664,32664
278,2665,32665
279,2666,32666
280,2667,32667
281,2668,32668
282,2669,32669
283,2670,32670
284,2671,32671
285,2672,32672
286,2673,32673
287,2674,32674
288,2675,32675
289,2676,32676
290,2677,32677
291,2678,32678
292,2679,32679
293,2680,32680
294,2681,32681
295,2682,32682
296,2683,32683
297,2684,32684
298,2685,32685
299,2686,32686
300,2687,32687
301,2688,32688
302,2689,32689
303,2690,32690
304,2691,32691
305,2692,32692
306,2693,32693
307,2694,32694
308,2695,32695
309,2696,32696
310,2697,32697
311,2698,32698
312,2699,32699
313,2700,32700
314,2701,32701
315,2702,32702
316,2703,32703
317,2704,32704
318,2705,32705
319,2706,32706
320,2707,32707
321,2708,32708
322,2709,32709
323,2710,32710
324,2711,32711
325,2712,32712
326,2713,32713
327,2714,32714
328,2715,32715
329,2716,32716
330,2717,32717
331,2718,32718
332,2719,32719
333,2720,32720
334,2721,32721
335,2722,32722
336,2723,32723
337,2724,32724
338,2725,32725
339,2726,32726
340,2727,32727
341,2728,32728
342,2729,32729
343,2730,32730
344,2731,32731
345,2732,32732
346,2733,32733
347,2734,32734
348,2735,32735
349,2736,32736
350,2737,32737
351,2738,32738
352,2739,32739
353,2740,32740
354,2741,32741
355,2742,32742
356,2743,32743
357,2744,32744
358,2745,32745
359,2746,32746
360,2747,32747
361,2748,32748
362,2749,32749
363,2750,32750
364,2751,32751
365,2752,32752
366,2753,32753
367,2754,32754
368,2755,32755
369,2756,32756
370,2757,32757
371,2758,32758
372,2759,32759
373,2760,32760
374,2761,32761
375,2762,32762
376,2763,32763
377,2764,32764
378,2765,32765
379,2766,32766
380,2767,32767
381,2768,32768
382,2769,32769
383,2770,32770
384,2771,32771
385,2772,32772
386,2773,32773
387,2774,32774
388,2775,32775
389,2776,32776
390,2777,32777
391,2778,32778
392,2779,32779
393,2780,32780
394,2781,32781
395,2782,32782
396,2783,32783
397,2784,32784
398,2785,32785
399,2786,32786
400,2787,32787
401,2788,32788
402,2789,32789
403,2790,32790
404,2791,32791
405,2792,32792
406,2793,32793
407,2794,32794
408,2795,32795
409,2796,32796
410,2797,32797
411,2798,32798
412,2799,32799
413,2800,32800
414,2801,32801
415,2802,32802
416,2803,32803
417,2804,32804
418,2805,32805
419,2806,32806
420,2807,32807
421,2808,32808
422,2809,32809
423,2810,32810
424,2811,32811
425,2812,32812
426,2813,32813
427,2814,32814
428,2815,32815
429,2816,32816
430,2817,32817
431,2818,32818
432,2819,32819
433,2820,32820
434,2821,32821
435,2822,32822
436,2823,32823
437,2824,32824
438,2825,32825
439,2826,32826
440,2827,32827
441,2828,32828
442,2829,32829
443,2830,32830
444,2831,32831
445,2832,32832
446,2833,32833
447,2834,32834
448,2835,32835
449,2836,32836
450,2837,32837
451,2838,32838
452,2839,32839
453,2840,32840
454,2841,32841
455,2842,32842
456,2843,32843
457,2844,32844
458,2845,32845
459,2846,32846
460,2847,32847
461,2848,32848
462,2849,32849
463,2850,32850
464,2851,32851
465,2852,32852
466,2853,32853
467,2854,32854
468,2855,32855
469,2856,32856
470,2857,32857
471,2858,32858
472,2859,32859
473,2860,32860
474,2861,32861
475,2862,32862
476,2863,32863
477,2864,32864
478,2865,32865
479,2866,32866
480,2867,32867
481,2868,32868
482,2869,32869
483,2870,32870
484,2871,32871
485,2872,32872
486,2873,32873
487,2874,32874
488,2875,32875
489,2876,32876
490,2877,32877
491,2878,32878
492,2879,32879
493,2880,32880
494,2881,32881
495,2882,32882
496,2883,32883
497,2884,32884
498,2885,32885
499,2886,32886
500,2887,32887
501,2888,32888
502,2889,32889
503,2890,32890
504,2891,32891
505,2892,32892
506,2893,32893
507,2894,32894
508,2895,32895
509,2896,32896
510,2897,32897
511,2898,32898
512,2899,32899
513,2900,32900
514,2901,32901
515,2902,32902
516,2903,32903
517,2904,32904
518,2905,32905
519,2906,32906
520,2907,32907
521,2908,32908
522,2909,32909
523,2910,32910
524,2911,32911
525,2912,32912
526,2913,32913
527,2914,32914
528,2915,32915
529,2916,32916
530,2917,32917
531,2918,32918
532,2919,32919
533,2920,32920
534,2921,32921
535,2922,32922
536,2923,32923
537,2924,32924
538,2925,32925
539,2926,32926
540,2927,32927
541,2928,32928
542,2929,32929
543,2930,32930
544,2931,32931
545,2932,32932
546,2933,32933
547,2934,32934
548,2935,32935
549,2936,32936
550,2937,32937
551,2938,32938
552,2939,32939
553,2940,32940
554,2941,32941
555,2942,32942
556,2943,32943
557,2944,32944
558,2945,32945
559,2946,32946
560,2947,32947
561,2948,32948
562,2949,32949
563,2950,32950
564,2951,32951
565,2952,32952
566,2953,32953
567,2954,32954
568,2955,32955
569,2956,32956
570,2957,32957
571,2958,32958
572,2959,32959
573,2960,32960
574,2961,32961
575,2962,32962
576,2963,32963
577,2964,32964
578,2965,32965
579,2966,32966
580,2967,32967
581,2968,32968
582,2969,32969
583,2970,32970
584,2971,32971
585,2972,32972
586,2973,32973
587,2974,32974
588,2975,32975
589,2976,32976
590,2977,32977
591,2978,32978
592,2979,32979
593,2980,32980
594,2981,32981
595,2982,32982
596,2983,32983
597,2984,32984
598,2985,32985
599,2986,32986
600,2987,32987
601,2988,32988
602,2989,32989
603,2990,32990
604,2991,32991
605,2992,32992
606,2993,32993
607,2994,32994
608,2995,32995
609,2996,32996
610,2997,32997
611,2998,32998
612,2999,32999
613,3000,33000
614,5936,35936
615,5937,35937
616,5938,35938
617,6255,36255
618,6970,36970
619,6971,36971
620,6972,36972
621,6973,36973
622,6974,36974
623,6975,36975
624,7061,37061
625,7201,37201
626,7202,37202
627,7203,37203
628,8400,38400
629,8401,38401
630,8402,38402
631,8403,38403
632,8404,38404
633,8405,38405
634,8406,38406
635,8494,38494
